{
  "width": 15,
  "height": 11,
  "map": [
    [0, 0, 0, 0, 0, 0, 0, 4, 0, 0, 0, 0, 0, 0, 0],
    [0, 0, 0, 0, 0, 0, 0, 8, 0, 36, 0, 0, 132, 0, 0],
    [0, 0, 36, 8, 8, 132, 0, 36, 0, 8, 0, 0, 8, 0, 0],
    [0, 0, 8, 0, 0, 8, 0, 8, 0, 8, 0, 0, 8, 0, 0],
    [0, 0, 8, 0, 0, 8, 0, 8, 0, 8, 0, 0, 8, 0, 0],
    [0, 0, 8, 68, 132, 8, 0, 8, 0, 8, 132, 68, 8, 0, 0],
    [0, 0, 8, 0, 0, 8, 0, 8, 0, 8, 0, 0, 8, 0, 0],
    [0, 0, 8, 0, 0, 8, 0, 8, 0, 8, 0, 0, 8, 0, 0],
    [0, 0, 8, 0, 0, 8, 0, 36, 0, 132, 8, 8, 36, 0, 0],
    [0, 0, 132, 0, 0, 36, 0, 8, 0, 0, 0, 0, 0, 0, 0],
    [0, 0, 0, 0, 0, 0, 0, 4, 0, 0, 0, 0, 0, 0, 0]
  ],
  "player1_initial_x": 5,
  "player1_initial_y": 6,
  "player2_initial_x": 5,
  "player2_initial_y": 8,
  "player_vision": 5,
  "player_initial_health": 3,
  "player_initial_bomb_range": 2,
  "player_initial_trap_count": 1,
  "bomb_delay": 5,
  "max_bomb_range": 5,
  "deadzone_starting_step": 150,
  "deadzone_expansion_delay": 5,
  "max_step": 400
}
